id	first_name	last_name	email	ip_address
1	Euphemia	Delgaty	edelgaty0@cnn.com	212.164.128.79
2	Dulcinea	Veart	dveart1@typepad.com	74.22.32.45
3	Shel	Liddicoat	sliddicoat2@altervista.org	124.20.122.107
4	Herman	Bellingham	hbellingham3@nbcnews.com	8.33.184.167
5	Inessa	Pedrollo	ipedrollo4@a8.net	215.126.254.183
6	Devan	Woolerton	dwoolerton5@google.com.br	225.85.1.10
7	Birgitta	Grosvener	bgrosvener6@squarespace.com	75.105.180.79
8	Korie	Dadswell	kdadswell7@zdnet.com	67.164.254.50
9	Marcellus	Jeffress	mjeffress8@berkeley.edu	19.119.102.196
10	Bobbe	Crucitti	bcrucitti9@craigslist.org	218.175.182.132
11	Anya	Lambird	alambirda@adobe.com	180.130.103.27
12	Fran	Withers	fwithersb@ycombinator.com	221.28.60.169
13	Lonny	Tenbrug	ltenbrugc@epa.gov	160.102.87.229
14	Moe	Abrahmer	mabrahmerd@redcross.org	249.151.102.155
15	Foster	Viollet	fviollete@illinois.edu	96.83.14.251
16	Torrance	Westfalen	twestfalenf@mapquest.com	242.230.94.245
17	Manolo	Sodor	msodorg@tripadvisor.com	159.75.55.49
18	Rosene	Yearns	ryearnsh@shinystat.com	19.8.72.158
19	Miltie	Dendon	mdendoni@nyu.edu	48.202.19.208
20	Lynett	Marchello	lmarchelloj@yahoo.co.jp	174.173.134.47
21	Tallia	Stickells	tstickellsk@ovh.net	142.75.143.147
22	Shaine	Pindar	spindarl@w3.org	249.164.126.171
23	Tildy	Velden	tveldenm@mayoclinic.com	95.197.215.101
24	Duffie	Thormann	dthormannn@123-reg.co.uk	199.124.217.172
25	Son	Harrie	sharrieo@apache.org	179.86.17.112
26	Marybelle	Durrad	mdurradp@blinklist.com	74.4.89.103
27	Barry	Devers	bdeversq@cdc.gov	128.179.38.103
28	Madelyn	McInally	mmcinallyr@zimbio.com	223.215.229.211
29	Arthur	Broadbury	abroadburys@loc.gov	71.97.225.122
30	Dulcinea	Gradly	dgradlyt@photobucket.com	127.13.183.139
31	Courtney	McGuckin	cmcguckinu@bandcamp.com	185.109.227.249
32	Wallache	Dibley	wdibleyv@time.com	151.107.87.140
33	Honey	Leggis	hleggisw@phoca.cz	50.249.110.149
34	Dre	Howgill	dhowgillx@furl.net	19.193.65.210
35	Elspeth	Butland	ebutlandy@aol.com	36.102.86.13
36	Evy	Fowkes	efowkesz@msn.com	95.157.224.229
37	Binnie	Cabane	bcabane10@freewebs.com	35.34.249.79
38	Chick	Skate	cskate11@abc.net.au	118.88.170.255
39	Janey	Rama	jrama12@jimdo.com	66.117.151.85
40	Darice	Leathe	dleathe13@vinaora.com	255.64.91.180
41	Faulkner	Marquess	fmarquess14@npr.org	17.236.113.106
42	Lamond	Sandbrook	lsandbrook15@psu.edu	140.52.55.227
43	Jamison	Duiguid	jduiguid16@cnn.com	0.51.248.192
44	Pavel	Le Grove	plegrove17@e-recht24.de	168.173.71.144
45	Kevan	Nuccitelli	knuccitelli18@instagram.com	147.215.73.134
46	Jeremias	Iacomo	jiacomo19@google.pl	30.31.50.9
47	Elga	Marielle	emarielle1a@4shared.com	98.253.243.7
48	Brita	Moncur	bmoncur1b@howstuffworks.com	235.73.186.157
49	Carla	Kyncl	ckyncl1c@virginia.edu	72.223.45.42
50	Ferdinanda	Jeffcoate	fjeffcoate1d@icq.com	230.213.6.2
51	Damara	Southerns	dsoutherns1e@gravatar.com	155.157.71.101
52	Adi	Ballinger	aballinger1f@cornell.edu	194.59.3.65
53	Dulcea	Beton	dbeton1g@google.ca	62.224.190.161
54	Oren	Cowsby	ocowsby1h@ycombinator.com	142.55.169.180
55	Berkly	Lamlin	blamlin1i@opensource.org	97.242.53.49
56	Josias	Mattisssen	jmattisssen1j@forbes.com	126.111.210.190
57	Cary	Bowness	cbowness1k@bloomberg.com	103.239.85.220
58	Twila	Hallede	thallede1l@360.cn	226.92.171.22
59	Clarabelle	La Padula	clapadula1m@tinyurl.com	237.152.248.85
60	Catriona	Masham	cmasham1n@harvard.edu	158.21.11.197
61	Kitty	Labdon	klabdon1o@telegraph.co.uk	253.23.162.191
62	Harlan	Wherry	hwherry1p@slashdot.org	17.9.39.135
63	Zia	Ubsdale	zubsdale1q@amazon.com	181.210.124.77
64	Thea	Persent	tpersent1r@craigslist.org	195.206.109.55
65	Stafford	Vinnicombe	svinnicombe1s@eepurl.com	3.9.47.170
66	Kylie	Duckett	kduckett1t@instagram.com	47.7.45.177
67	Cchaddie	Lumber	clumber1u@intel.com	7.142.49.127
68	Kendal	Farland	kfarland1v@etsy.com	173.0.242.35
69	Melvyn	Pretious	mpretious1w@omniture.com	33.129.90.141
70	Augusta	Mollatt	amollatt1x@ameblo.jp	200.47.199.230
71	Davina	Vairow	dvairow1y@intel.com	217.45.28.98
72	Shae	Basilio	sbasilio1z@indiatimes.com	255.69.77.8
73	Andee	Phifer	aphifer20@instagram.com	129.9.87.225
74	Skye	Jamary	sjamary21@networkadvertising.org	40.70.6.21
75	Marcela	Di Dello	mdidello22@chron.com	41.13.92.228
76	Clarance	Papen	cpapen23@purevolume.com	49.238.99.41
77	Darlleen	Fernandes	dfernandes24@drupal.org	143.29.221.123
78	Flossi	Enrigo	fenrigo25@usa.gov	70.213.170.37
79	Jade	Mackin	jmackin26@devhub.com	182.71.242.59
80	Elberta	Grayley	egrayley27@wikispaces.com	81.60.140.104
81	Phip	Nolli	pnolli28@oracle.com	67.49.81.140
82	Bourke	Riccetti	briccetti29@ning.com	230.93.167.153
83	Giffy	Smallpeice	gsmallpeice2a@microsoft.com	245.68.244.137
84	Abie	Alenov	aalenov2b@yahoo.com	8.173.125.148
85	Nikos	Gadault	ngadault2c@fotki.com	61.239.43.147
86	Andrej	Callow	acallow2d@blogspot.com	122.86.137.87
87	Flore	Gooderson	fgooderson2e@indiegogo.com	2.22.255.68
88	Herschel	Gogerty	hgogerty2f@gravatar.com	94.82.227.147
89	Brigham	Hargreaves	bhargreaves2g@amazon.co.jp	50.194.137.213
90	Celestyn	Teanby	cteanby2h@utexas.edu	189.200.166.133
91	Clevie	Brazear	cbrazear2i@hao123.com	249.108.92.141
92	Ely	Pollard	epollard2j@webnode.com	138.177.152.202
93	Kristina	Bartels-Ellis	kbartelsellis2k@google.cn	149.166.111.104
94	Fern	Emerine	femerine2l@is.gd	29.160.62.249
95	Berti	Briers	bbriers2m@storify.com	76.171.67.41
96	Verney	Pavek	vpavek2n@skype.com	231.13.189.96
97	Catharine	Lyttle	clyttle2o@census.gov	222.29.171.179
98	Anissa	Whittaker	awhittaker2p@wiley.com	182.152.223.126
99	Inger	Varnham	ivarnham2q@alexa.com	143.22.228.246
100	Conway	Handscomb	chandscomb2r@behance.net	45.71.206.111
101	Milissent	Andras	mandras2s@1und1.de	6.115.115.83
102	Archaimbaud	Pasquale	apasquale2t@yandex.ru	70.91.43.199
103	Reinold	Huggins	rhuggins2u@t.co	38.199.26.139
104	Benetta	Colomb	bcolomb2v@deviantart.com	205.74.251.58
105	Aurelia	Lenglet	alenglet2w@privacy.gov.au	204.101.7.190
106	Clarance	Hirsthouse	chirsthouse2x@phoca.cz	41.188.34.210
107	Billie	Barenski	bbarenski2y@pbs.org	111.80.9.133
108	Lucita	Grint	lgrint2z@wordpress.org	36.196.90.198
109	Jeralee	Lawther	jlawther30@squarespace.com	121.41.52.5
110	Maritsa	Tue	mtue31@ask.com	21.132.66.143
111	Devin	Ferne	dferne32@1und1.de	249.23.170.196
112	Cordie	Feehan	cfeehan33@weibo.com	251.246.45.100
113	Amelita	Mulcock	amulcock34@yahoo.com	131.136.64.50
114	Kendell	Aucott	kaucott35@netlog.com	116.214.168.159
115	Karen	Gaythwaite	kgaythwaite36@washington.edu	31.149.118.194
116	Claudina	Andover	candover37@bbb.org	89.179.157.248
117	Gerty	Turnell	gturnell38@de.vu	166.72.201.183
118	Kiah	Mound	kmound39@abc.net.au	235.125.223.36
119	Ynes	Waleran	ywaleran3a@theglobeandmail.com	201.56.46.124
120	Kerwinn	Saddleton	ksaddleton3b@linkedin.com	78.217.221.184
121	Goldi	Margach	gmargach3c@irs.gov	46.70.92.90
122	Joey	Harbinson	jharbinson3d@wsj.com	49.2.60.159
123	Baxie	McGurgan	bmcgurgan3e@ucoz.ru	17.155.55.109
124	Dewain	Stennard	dstennard3f@google.it	174.214.172.28
125	Dena	Saunder	dsaunder3g@soundcloud.com	178.64.93.81
126	Donaugh	Kardos	dkardos3h@infoseek.co.jp	109.70.22.169
127	Sandie	Gisbye	sgisbye3i@cnet.com	144.239.8.133
128	Judie	Dymock	jdymock3j@blogtalkradio.com	214.173.128.66
129	Darnell	Gartshore	dgartshore3k@github.com	226.196.65.170
130	Konstantine	Vasyaev	kvasyaev3l@hud.gov	239.131.248.89
131	Emlynne	Papes	epapes3m@bbb.org	25.126.14.171
132	Elizabeth	Taylour	etaylour3n@google.com.hk	61.32.133.185
133	Sybille	Tarbert	starbert3o@tinyurl.com	105.14.246.222
134	Dillie	Prahm	dprahm3p@springer.com	190.40.13.148
135	Gerhardt	O' Mullane	gomullane3q@mashable.com	198.21.163.119
136	Pail	Greenside	pgreenside3r@nature.com	160.158.125.42
137	Sisile	Fort	sfort3s@tinyurl.com	132.182.92.86
138	Barnabas	Gostridge	bgostridge3t@stumbleupon.com	225.17.201.200
139	La verne	Ivashechkin	livashechkin3u@yandex.ru	106.202.106.79
140	Free	MacGilpatrick	fmacgilpatrick3v@ow.ly	217.89.163.246
141	Isahella	Masarrat	imasarrat3w@blinklist.com	119.234.68.152
142	Ingelbert	Bilovsky	ibilovsky3x@slideshare.net	118.51.239.198
143	Ber	Goodluck	bgoodluck3y@linkedin.com	74.80.101.195
144	Trude	Starten	tstarten3z@altervista.org	95.221.82.237
145	Shawn	Girardin	sgirardin40@examiner.com	104.90.79.86
146	Vinny	Strond	vstrond41@amazonaws.com	81.178.129.25
147	Camilla	Flahy	cflahy42@networksolutions.com	247.103.6.106
148	Onfre	Caudle	ocaudle43@tuttocitta.it	157.78.93.64
149	Yanaton	Corain	ycorain44@prlog.org	179.23.129.156
150	Rahel	Haile	rhaile45@cloudflare.com	107.156.22.83
151	Candy	McGrowther	cmcgrowther46@cargocollective.com	52.129.29.71
152	Abbie	Czapla	aczapla47@joomla.org	220.226.33.140
153	Keen	Rust	krust48@deliciousdays.com	71.61.247.33
154	Orrin	Hyslop	ohyslop49@shareasale.com	246.19.237.126
155	Maridel	Prestige	mprestige4a@theatlantic.com	240.119.166.83
156	Emelina	Hollyland	ehollyland4b@comsenz.com	66.64.225.189
157	Bev	Meckiff	bmeckiff4c@utexas.edu	62.175.81.28
158	Shantee	Morde	smorde4d@multiply.com	120.236.46.217
159	Roi	Prestige	rprestige4e@cornell.edu	106.178.210.99
160	Harald	Vodden	hvodden4f@trellian.com	186.19.118.83
161	Torry	Braxay	tbraxay4g@who.int	145.247.7.170
162	Philis	Oleksiak	poleksiak4h@friendfeed.com	226.17.88.202
163	Sterling	deKnevet	sdeknevet4i@people.com.cn	243.68.36.255
164	Myriam	Yitshak	myitshak4j@sciencedirect.com	137.145.49.57
165	Eleanor	Argrave	eargrave4k@ucoz.ru	102.142.213.234
166	Jo	Nalder	jnalder4l@taobao.com	37.114.109.228
167	Miran	Bowlesworth	mbowlesworth4m@stumbleupon.com	153.4.145.241
168	Eldon	Minucci	eminucci4n@wikia.com	12.133.66.38
169	Gard	Sextie	gsextie4o@sogou.com	209.55.232.96
170	Judi	Lugden	jlugden4p@time.com	123.81.245.108
171	Joey	Cords	jcords4q@indiatimes.com	195.163.102.116
172	Jarrid	Regan	jregan4r@1und1.de	55.200.244.159
173	Cully	Rapinett	crapinett4s@businessinsider.com	173.40.98.6
174	Stephine	Corless	scorless4t@goodreads.com	107.77.142.152
175	Sarene	Angrick	sangrick4u@desdev.cn	96.134.110.91
176	Reinald	Khristoforov	rkhristoforov4v@disqus.com	200.58.221.153
177	Glenn	Oylett	goylett4w@livejournal.com	61.61.152.164
178	Blanch	Madrell	bmadrell4x@jalbum.net	116.228.250.133
179	Rolland	Wastall	rwastall4y@earthlink.net	156.102.201.187
180	Wells	Smalles	wsmalles4z@twitter.com	219.131.191.47
181	Sigismundo	Ife	sife50@sogou.com	208.46.227.161
182	Millie	Comiam	mcomiam51@ocn.ne.jp	154.150.172.221
183	Coreen	Branche	cbranche52@chronoengine.com	37.39.34.31
184	Anderson	Stedall	astedall53@discovery.com	168.200.41.59
185	Codee	Gallo	cgallo54@indiegogo.com	28.43.128.117
186	Roarke	Fortin	rfortin55@pagesperso-orange.fr	119.192.161.197
187	Agna	Kennerley	akennerley56@gnu.org	205.193.67.35
188	Hayyim	Sweetzer	hsweetzer57@state.gov	250.40.87.203
189	Tasha	Mazzeo	tmazzeo58@nba.com	0.213.15.179
190	Antony	Spatig	aspatig59@hibu.com	184.128.25.230
191	Paulita	McClounan	pmcclounan5a@spotify.com	205.235.93.171
192	Nessa	Raveau	nraveau5b@si.edu	169.193.63.143
193	Clarita	Gullam	cgullam5c@scribd.com	130.157.122.6
194	Cherish	Cousin	ccousin5d@mysql.com	56.181.221.233
195	Tate	Paolicchi	tpaolicchi5e@cbslocal.com	126.97.141.156
196	Sara	Gaythor	sgaythor5f@hao123.com	64.224.218.213
197	Mart	Daggett	mdaggett5g@mozilla.com	188.184.243.198
198	Toby	Stowell	tstowell5h@arizona.edu	112.38.85.43
199	Kelvin	Hugin	khugin5i@dropbox.com	239.80.171.164
200	Chelsy	Manners	cmanners5j@noaa.gov	85.1.149.111
201	Xaviera	Cordery	xcordery5k@eepurl.com	251.15.11.133
202	Emmalynne	Moysey	emoysey5l@epa.gov	150.215.3.81
203	Romain	Chesson	rchesson5m@weather.com	42.249.227.214
204	Christiano	Teulier	cteulier5n@bluehost.com	103.43.66.168
205	Hagen	Sutlieff	hsutlieff5o@sitemeter.com	11.194.160.129
206	Lauri	Byas	lbyas5p@hexun.com	175.244.251.226
207	Drusy	Ortler	dortler5q@zdnet.com	74.161.152.190
208	Carl	Itzhaiek	citzhaiek5r@uol.com.br	42.177.72.146
209	Rosalyn	Monnelly	rmonnelly5s@google.cn	59.182.192.131
210	Brade	Carluccio	bcarluccio5t@eventbrite.com	243.201.65.188
211	Jodi	Searson	jsearson5u@posterous.com	152.95.79.238
212	Nickolas	Parkin	nparkin5v@gravatar.com	81.92.232.230
213	Torie	Worts	tworts5w@ft.com	214.93.61.141
214	Dody	Ommundsen	dommundsen5x@auda.org.au	34.250.125.122
215	Adler	Addicote	aaddicote5y@moonfruit.com	192.17.115.207
216	Ikey	Gouth	igouth5z@deviantart.com	11.194.230.118
217	Lorilyn	Camplin	lcamplin60@xrea.com	207.217.211.0
218	Melisa	Vanshin	mvanshin61@taobao.com	214.10.100.199
219	Welbie	Shevill	wshevill62@blogs.com	4.16.250.146
220	Aurthur	Houldin	ahouldin63@ezinearticles.com	19.132.53.43
221	Antonetta	Ferrai	aferrai64@pagesperso-orange.fr	90.209.149.6
222	Gaspar	Dioniso	gdioniso65@nhs.uk	245.190.168.227
223	Ralina	Tollit	rtollit66@elegantthemes.com	196.184.120.11
224	Bentlee	Gurery	bgurery67@google.com.br	13.143.55.197
225	Maury	Moorrud	mmoorrud68@tumblr.com	142.97.88.78
226	Barbaraanne	Bouette	bbouette69@usa.gov	198.83.238.11
227	Vladamir	Ubsdell	vubsdell6a@japanpost.jp	175.85.150.117
228	Celene	Goodayle	cgoodayle6b@pcworld.com	7.177.94.37
229	Juliana	Landa	jlanda6c@seesaa.net	205.121.146.126
230	Ryley	Gauthorpp	rgauthorpp6d@cafepress.com	140.10.177.129
231	Base	Rathjen	brathjen6e@1688.com	198.98.5.100
232	Eugenius	MacAlpin	emacalpin6f@fema.gov	17.57.4.135
233	Heida	Woolnough	hwoolnough6g@csmonitor.com	239.165.25.182
234	Karlotte	Wyllt	kwyllt6h@vimeo.com	148.228.234.5
235	Jacobo	Stuckes	jstuckes6i@miitbeian.gov.cn	74.245.100.49
236	Carly	Nicholes	cnicholes6j@walmart.com	70.248.85.60
237	Agnese	Coronas	acoronas6k@ucsd.edu	251.214.77.89
238	Edan	Dellatorre	edellatorre6l@amazon.co.jp	85.86.183.147
239	Marja	Bohlsen	mbohlsen6m@oakley.com	173.245.75.57
240	Boothe	Matheson	bmatheson6n@google.es	54.206.124.236
241	Ronda	Hartzogs	rhartzogs6o@usnews.com	140.145.126.88
242	Brig	Goakes	bgoakes6p@wordpress.org	235.19.18.57
243	Jobi	MacKeeg	jmackeeg6q@ning.com	125.136.200.150
244	Alvan	Ramsden	aramsden6r@examiner.com	161.55.6.145
245	Zared	Swarbrick	zswarbrick6s@mapquest.com	244.145.240.3
246	Luther	Renhard	lrenhard6t@newsvine.com	189.17.37.79
247	Winslow	Ardley	wardley6u@parallels.com	184.235.244.224
248	Jacintha	Trevorrow	jtrevorrow6v@abc.net.au	99.211.52.254
249	Teodora	Romushkin	tromushkin6w@wired.com	189.165.235.249
250	Tremayne	Soro	tsoro6x@ucla.edu	112.28.175.167
251	Mirabella	McNamara	mmcnamara6y@walmart.com	27.118.85.194
252	Dall	Glisane	dglisane6z@reddit.com	235.141.180.61
253	Kelila	Cottell	kcottell70@trellian.com	45.123.81.104
254	Roley	Vasyanin	rvasyanin71@google.ru	12.208.162.169
255	Lesley	Cackett	lcackett72@flickr.com	162.187.15.166
256	Julietta	Feuell	jfeuell73@bbb.org	232.84.200.218
257	Jonathan	Caulton	jcaulton74@cmu.edu	137.186.164.190
258	Alisun	Beevors	abeevors75@last.fm	6.21.115.27
259	Helyn	Branchflower	hbranchflower76@mayoclinic.com	245.199.124.86
260	Marvin	Wilcocke	mwilcocke77@amazon.co.uk	112.227.161.106
261	Elie	Shakle	eshakle78@booking.com	58.220.212.165
262	Mercie	Darnbrook	mdarnbrook79@weebly.com	150.150.95.46
263	Bernadette	Treweela	btreweela7a@google.com	251.127.154.19
264	Marcile	Dykas	mdykas7b@ca.gov	155.109.144.235
265	Rhea	Blincow	rblincow7c@theglobeandmail.com	79.45.239.81
266	Ashley	Keepin	akeepin7d@prweb.com	66.55.149.220
267	Dane	Hawse	dhawse7e@dailymotion.com	35.73.106.173
268	Constantin	Mumford	cmumford7f@twitpic.com	134.153.138.195
269	Burl	Cobley	bcobley7g@dropbox.com	3.29.180.155
270	Rolland	Bahia	rbahia7h@booking.com	132.94.162.1
271	Evie	Dawton	edawton7i@baidu.com	80.118.34.20
272	Clark	Bridgewood	cbridgewood7j@shutterfly.com	63.6.15.162
273	Lorianna	Bursnall	lbursnall7k@over-blog.com	207.169.165.173
274	Sibella	Dripps	sdripps7l@umn.edu	54.109.109.229
275	Lawrence	Ciciari	lciciari7m@about.me	158.16.59.166
276	Danyelle	Downe	ddowne7n@bravesites.com	25.39.17.2
277	Faith	Redmain	fredmain7o@ox.ac.uk	16.158.73.11
278	Barbabra	Shevlin	bshevlin7p@bluehost.com	153.56.164.105
279	Genia	Willman	gwillman7q@rediff.com	154.176.37.197
280	Jodee	Docker	jdocker7r@paginegialle.it	36.166.6.73
281	Packston	Bachanski	pbachanski7s@instagram.com	187.237.20.123
282	Miller	Elderton	melderton7t@newyorker.com	65.20.45.5
283	Druci	Habercham	dhabercham7u@hud.gov	147.181.130.169
284	Yettie	Bock	ybock7v@skyrock.com	173.64.94.221
285	Marja	Castree	mcastree7w@jalbum.net	34.64.239.135
286	Dorthea	Riatt	driatt7x@jigsy.com	234.144.10.143
287	Leanna	Malthus	lmalthus7y@netlog.com	245.118.65.14
288	Dredi	Marr	dmarr7z@ucoz.ru	32.144.202.133
289	Pavla	Bracknall	pbracknall80@umn.edu	101.194.99.215
290	Northrup	Jaumet	njaumet81@howstuffworks.com	82.48.38.119
291	Cherey	Cowie	ccowie82@yale.edu	218.98.57.181
292	Tye	Pearn	tpearn83@newsvine.com	139.99.68.84
293	Lanny	Antonin	lantonin84@accuweather.com	48.78.192.221
294	Rice	Sperry	rsperry85@meetup.com	119.185.139.75
295	Richmound	Riddler	rriddler86@admin.ch	39.31.1.194
296	Gerta	Asaaf	gasaaf87@smugmug.com	103.57.21.86
297	Laurent	Eldrid	leldrid88@google.com.br	89.1.91.129
298	Lynnell	Basketfield	lbasketfield89@army.mil	231.70.107.205
299	Jasmina	Anney	janney8a@ibm.com	131.21.240.107
300	Cherrita	Lipp	clipp8b@barnesandnoble.com	142.145.194.204
301	Kimberlee	Mewhirter	kmewhirter8c@wisc.edu	246.182.248.237
302	Hamnet	Reyes	hreyes8d@goo.ne.jp	210.132.37.82
303	Julita	Bickle	jbickle8e@gizmodo.com	125.69.188.40
304	Eddie	McAvinchey	emcavinchey8f@360.cn	14.122.126.180
305	Ricky	Greguol	rgreguol8g@paypal.com	135.189.35.6
306	Agnese	Allberry	aallberry8h@wunderground.com	122.240.175.184
307	Jackelyn	Swains	jswains8i@simplemachines.org	229.7.252.17
308	Ellary	Milliere	emilliere8j@fda.gov	52.38.168.74
309	Tove	Newbury	tnewbury8k@elpais.com	81.73.144.21
310	Emilia	Suche	esuche8l@blogspot.com	84.154.121.168
311	Berti	Kondrat	bkondrat8m@prnewswire.com	43.103.219.159
312	Lelah	Vink	lvink8n@cbsnews.com	235.198.95.117
313	Mendy	Oakland	moakland8o@mayoclinic.com	221.156.165.187
314	Bonita	Odgers	bodgers8p@reuters.com	5.3.1.85
315	Albina	Sey	asey8q@symantec.com	247.25.7.185
316	Corrina	Sprason	csprason8r@blogspot.com	169.65.4.47
317	Wolfie	Trail	wtrail8s@bloglovin.com	207.136.19.187
318	Pen	Stell	pstell8t@wufoo.com	147.8.234.130
319	Eddi	Backshall	ebackshall8u@elpais.com	133.29.220.91
320	Paxon	Guppie	pguppie8v@nymag.com	83.55.148.34
321	Tymothy	Napton	tnapton8w@jimdo.com	2.134.176.154
322	Bren	Shorland	bshorland8x@ucla.edu	1.200.86.149
323	Arline	Wilcott	awilcott8y@wired.com	251.106.23.22
324	Chucho	Igonet	cigonet8z@icq.com	123.53.160.108
325	Catarina	Brankley	cbrankley90@baidu.com	92.204.22.7
326	Jenna	Josebury	jjosebury91@house.gov	180.18.19.152
327	Alfons	Posthill	aposthill92@scientificamerican.com	3.66.8.210
328	Jillene	Houlaghan	jhoulaghan93@flavors.me	148.120.234.174
329	Rachael	Powdrill	rpowdrill94@sun.com	206.146.15.8
330	Breena	Breed	bbreed95@creativecommons.org	114.0.204.199
331	Clair	Alldred	calldred96@hud.gov	135.58.244.255
332	Reggie	Trussman	rtrussman97@vinaora.com	203.156.50.107
333	Vonny	Blakely	vblakely98@java.com	91.44.241.55
334	Goraud	Massie	gmassie99@spotify.com	252.34.74.68
335	Candace	Spurman	cspurman9a@google.co.uk	233.87.97.58
336	Janetta	Penright	jpenright9b@amazon.de	251.182.122.34
337	Dickie	Mingauld	dmingauld9c@163.com	116.210.109.175
338	Maryjane	Kemmish	mkemmish9d@yellowpages.com	43.127.124.138
339	Terrie	Morillas	tmorillas9e@cisco.com	91.39.183.202
340	Esra	Gerran	egerran9f@sciencedaily.com	153.172.194.177
341	Guy	Bishell	gbishell9g@artisteer.com	198.78.218.231
342	Camellia	Tante	ctante9h@nps.gov	5.217.252.115
343	Leelah	Coveny	lcoveny9i@earthlink.net	6.14.138.9
344	Nanci	Pedrick	npedrick9j@vinaora.com	151.189.147.58
345	Nikolaos	Navarre	nnavarre9k@youku.com	179.25.11.238
346	Ibby	Hutcheons	ihutcheons9l@elpais.com	29.34.213.75
347	Ezri	Ouchterlony	eouchterlony9m@mashable.com	146.49.106.61
348	Brockie	Doornbos	bdoornbos9n@discuz.net	247.131.20.86
349	Carlynne	Hartegan	chartegan9o@php.net	88.20.16.166
350	Alethea	Tolworthie	atolworthie9p@goo.ne.jp	207.12.160.233
351	Bill	Renhard	brenhard9q@nih.gov	153.180.202.92
352	Nicko	Lyptrade	nlyptrade9r@europa.eu	79.175.203.177
353	Cornell	Matejovsky	cmatejovsky9s@businesswire.com	154.166.175.49
354	Karlee	Barkworth	kbarkworth9t@netvibes.com	251.56.125.32
355	Jacintha	Robertz	jrobertz9u@csmonitor.com	110.32.151.204
356	Sarene	O'Scully	soscully9v@answers.com	122.247.127.7
357	Cooper	Bearn	cbearn9w@irs.gov	90.79.158.226
358	Osgood	Habin	ohabin9x@goo.gl	56.182.157.200
359	Vanni	Spiby	vspiby9y@cam.ac.uk	187.188.122.9
360	Irma	Barmadier	ibarmadier9z@hubpages.com	192.142.140.5
361	Elonore	Drewes	edrewesa0@lulu.com	175.176.218.209
362	Rosalinda	Blakes	rblakesa1@51.la	248.174.1.182
363	Selina	Stain	sstaina2@cpanel.net	21.62.101.176
364	Jan	Mincini	jmincinia3@blinklist.com	67.104.78.212
365	Hatti	Kenway	hkenwaya4@g.co	75.42.56.100
366	Sonja	Soloway	ssolowaya5@cloudflare.com	64.179.149.74
367	Kimball	Dunridge	kdunridgea6@cbc.ca	147.70.234.176
368	Nial	Vannoort	nvannoorta7@bing.com	123.176.235.216
369	Bab	Gierok	bgieroka8@fda.gov	156.214.245.50
370	Pearl	Sokill	psokilla9@japanpost.jp	221.237.43.231
371	Gayel	Wagstaffe	gwagstaffeaa@tumblr.com	12.25.218.103
372	Nealon	Farra	nfarraab@meetup.com	77.243.113.255
373	Olly	Waddie	owaddieac@shinystat.com	189.30.62.128
374	Carson	Godding	cgoddingad@economist.com	119.168.241.107
375	Jonas	Weaben	jweabenae@goo.gl	213.30.225.137
376	Lizbeth	Livingston	llivingstonaf@cbslocal.com	238.225.155.40
377	Sunny	Seedhouse	sseedhouseag@mysql.com	49.101.9.44
378	Binny	Storer	bstorerah@delicious.com	91.227.192.101
379	Doll	Ivashchenko	divashchenkoai@cnn.com	16.123.128.5
380	Peter	Gladdifh	pgladdifhaj@infoseek.co.jp	37.203.120.33
381	Bathsheba	Allone	balloneak@google.nl	100.168.106.97
382	Brena	Tooze	btoozeal@amazon.com	184.69.81.146
383	Wenona	Scobie	wscobieam@china.com.cn	37.183.111.97
384	Cordell	Frenchum	cfrenchuman@pen.io	70.176.30.41
385	Camel	Raison	craisonao@rediff.com	51.148.124.157
386	Mildred	Dodwell	mdodwellap@hibu.com	35.194.82.131
387	Adolphe	Cameli	acameliaq@github.io	123.4.150.231
388	Correy	Manis	cmanisar@nytimes.com	203.240.72.7
389	Gianina	Francescuccio	gfrancescuccioas@who.int	162.16.190.174
390	Carolyne	Overbury	coverburyat@nyu.edu	201.195.126.10
391	Cobbie	Corain	ccorainau@vk.com	112.57.157.143
392	Ninette	Tilberry	ntilberryav@slashdot.org	105.12.164.97
393	Burnaby	Kirkam	bkirkamaw@fotki.com	142.109.56.47
394	Cristine	O'Hingerty	cohingertyax@weather.com	179.245.130.38
395	Dredi	Adne	dadneay@sbwire.com	71.214.8.203
396	Stoddard	Cookley	scookleyaz@dropbox.com	237.39.34.40
397	Adelaide	Everist	aeveristb0@delicious.com	198.82.169.93
398	Essie	Yeatman	eyeatmanb1@vimeo.com	158.231.175.177
399	Devin	Milstead	dmilsteadb2@drupal.org	29.216.237.7
400	Tobey	Ferriday	tferridayb3@diigo.com	23.134.253.142
401	Alanah	Bleeze	ableezeb4@liveinternet.ru	189.187.140.122
402	Terrel	Sewley	tsewleyb5@unblog.fr	158.245.120.33
403	Pauline	Nasi	pnasib6@arizona.edu	86.13.27.68
404	Tobey	Fransson	tfranssonb7@desdev.cn	50.183.247.191
405	Edwin	Geck	egeckb8@edublogs.org	36.25.37.89
406	Noell	Fantini	nfantinib9@sohu.com	117.54.106.194
407	Katerina	Muriel	kmurielba@unicef.org	2.246.133.116
408	Nickolas	Squirrel	nsquirrelbb@imdb.com	70.204.248.81
409	Alyce	Grzegorecki	agrzegoreckibc@canalblog.com	56.110.87.215
410	Basia	Rounds	broundsbd@spotify.com	17.131.199.240
411	Cathleen	Girardeau	cgirardeaube@state.tx.us	45.127.249.80
412	Nadia	Bohje	nbohjebf@ed.gov	31.152.187.11
413	Giffy	Hoston	ghostonbg@cargocollective.com	209.201.31.143
414	Durand	Szimon	dszimonbh@google.co.uk	53.69.214.79
415	Emmi	Giovannazzi	egiovannazzibi@who.int	1.76.90.192
416	Abigael	Halladay	ahalladaybj@yellowbook.com	80.2.153.39
417	Lay	Brunicke	lbrunickebk@biblegateway.com	57.20.53.176
418	Adelbert	Gylle	agyllebl@hugedomains.com	193.106.50.192
419	Melody	Potter	mpotterbm@foxnews.com	168.235.72.74
420	Benedicta	Shewery	bshewerybn@e-recht24.de	207.116.122.168
421	Waverley	Newall	wnewallbo@networksolutions.com	63.244.68.234
422	Magnum	Witherbed	mwitherbedbp@blogger.com	147.171.19.28
423	Shell	Oxbrough	soxbroughbq@whitehouse.gov	123.144.50.52
424	Freddi	Firle	ffirlebr@disqus.com	79.247.238.22
425	Claire	Napthine	cnapthinebs@newsvine.com	165.174.106.70
426	Berty	Gentzsch	bgentzschbt@diigo.com	80.179.74.103
427	Dari	Blazy	dblazybu@epa.gov	166.162.38.209
428	Asia	Lettuce	alettucebv@wikispaces.com	180.59.43.15
429	Odelia	Tapton	otaptonbw@bloomberg.com	198.171.198.76
430	Julina	Prier	jprierbx@godaddy.com	42.105.73.47
431	Dudley	Boyen	dboyenby@gnu.org	131.61.185.13
432	Ivory	Debold	ideboldbz@theglobeandmail.com	129.169.51.144
433	Erny	Spiller	espillerc0@weather.com	25.248.14.129
434	Dyanne	Charrington	dcharringtonc1@loc.gov	158.1.132.92
435	Genevra	Roseveare	grosevearec2@4shared.com	104.243.200.15
436	Jaymie	Corben	jcorbenc3@nifty.com	130.244.170.125
437	Putnem	Beininck	pbeininckc4@dot.gov	214.227.33.73
438	Anselm	Pepis	apepisc5@shinystat.com	64.177.93.82
439	Roxie	Giabucci	rgiabuccic6@ed.gov	77.228.67.116
440	Pren	Wheeldon	pwheeldonc7@arstechnica.com	25.19.243.233
441	Vere	Halden	vhaldenc8@opera.com	251.203.101.253
442	Pammie	Mosdill	pmosdillc9@salon.com	48.248.72.196
443	Ulrich	Binch	ubinchca@mtv.com	154.227.155.169
444	Zonda	Gwilt	zgwiltcb@cnbc.com	110.214.32.107
445	Dunc	Robson	drobsoncc@phoca.cz	231.92.16.170
446	Caril	Gernier	cgerniercd@histats.com	194.154.90.22
447	Caspar	Abazi	cabazice@marketwatch.com	136.132.93.89
448	Gavin	Paulat	gpaulatcf@geocities.com	51.36.31.29
449	Jessika	Tzar	jtzarcg@nature.com	227.223.1.217
450	Cyndia	Fanton	cfantonch@wired.com	152.246.221.43
451	Jasmin	Frankum	jfrankumci@lulu.com	183.128.33.175
452	Henriette	Rains	hrainscj@ebay.com	204.136.40.171
453	Paquito	Cadwallader	pcadwalladerck@trellian.com	165.150.210.136
454	Andy	Blanchet	ablanchetcl@omniture.com	69.132.243.141
455	Prescott	Gotmann	pgotmanncm@theguardian.com	49.104.253.75
456	Philis	Grange	pgrangecn@macromedia.com	114.79.86.62
457	Cassey	Tomsett	ctomsettco@sakura.ne.jp	27.222.13.151
458	Yolande	Erdes	yerdescp@seattletimes.com	40.176.174.7
459	Dorie	Facey	dfaceycq@apple.com	77.215.134.181
460	Bertie	O'Hare	boharecr@buzzfeed.com	32.174.9.10
461	Emmi	Aymes	eaymescs@admin.ch	252.82.110.146
462	Jillie	Pennock	jpennockct@patch.com	164.66.142.28
463	Minnnie	Smetoun	msmetouncu@vistaprint.com	83.162.135.208
464	Basilio	Rigbye	brigbyecv@abc.net.au	213.42.87.77
465	Rafi	Epinay	repinaycw@google.it	204.193.210.233
466	Jackie	Molden	jmoldencx@mediafire.com	129.0.14.95
467	Viviyan	Canti	vcanticy@wikipedia.org	240.83.154.68
468	Isiahi	Joerning	ijoerningcz@about.com	197.38.120.193
469	Eula	Dobbings	edobbingsd0@posterous.com	80.1.215.12
470	Bernetta	Gatling	bgatlingd1@tinyurl.com	62.240.160.94
471	Andriana	Hubbold	ahubboldd2@loc.gov	240.207.151.176
472	Perren	Dixsee	pdixseed3@harvard.edu	46.57.203.18
473	Aloin	Boggers	aboggersd4@mozilla.com	63.63.135.131
474	Xylina	Turfrey	xturfreyd5@nba.com	138.106.249.54
475	Stavro	Matzeitis	smatzeitisd6@nps.gov	44.178.19.110
476	Petronella	Corkan	pcorkand7@tripadvisor.com	62.108.52.85
477	Aldis	Bonifazio	abonifaziod8@clickbank.net	173.65.56.215
478	Ingmar	Hazelton	ihazeltond9@sakura.ne.jp	228.166.89.189
479	Claiborn	Jerman	cjermanda@webnode.com	224.193.248.75
480	Sheri	Cosgrive	scosgrivedb@furl.net	143.228.217.2
481	Flint	Reilingen	freilingendc@tinypic.com	191.133.139.75
482	Adella	Blandford	ablandforddd@topsy.com	26.206.198.32
483	Aldridge	Miners	aminersde@bbc.co.uk	102.208.17.94
484	Wilek	Beare	wbearedf@google.cn	150.147.246.107
485	Hakim	Bootell	hbootelldg@columbia.edu	251.217.18.203
486	Moise	Quantrill	mquantrilldh@google.it	185.249.80.2
487	Marice	Castan	mcastandi@columbia.edu	142.94.192.254
488	Tabby	Behne	tbehnedj@paypal.com	123.85.163.219
489	Fredra	Simionato	fsimionatodk@quantcast.com	73.151.217.88
490	Cathleen	Petters	cpettersdl@cbc.ca	146.137.180.12
491	Kevon	Milella	kmilelladm@yale.edu	203.57.39.151
492	Ashleigh	Williamson	awilliamsondn@dion.ne.jp	62.241.206.225
493	Howie	Chilcotte	hchilcottedo@phpbb.com	84.13.76.22
494	Gabie	Parkey	gparkeydp@cargocollective.com	217.229.63.231
495	Twyla	Whiteland	twhitelanddq@ucoz.com	159.216.127.176
496	Kiley	Zavattieri	kzavattieridr@cocolog-nifty.com	9.178.207.36
497	Emmery	Hanselmann	ehanselmannds@google.pl	221.13.92.168
498	Tasha	Trotman	ttrotmandt@t.co	170.80.200.168
499	Beniamino	Point	bpointdu@nih.gov	147.75.250.57
500	Erl	Jeary	ejearydv@sphinn.com	128.220.3.215
501	Etti	Kitney	ekitneydw@wisc.edu	128.200.124.17
502	Sylvan	Kyme	skymedx@dropbox.com	159.65.126.156
503	Erny	Scrowton	escrowtondy@dmoz.org	147.140.218.168
504	Bianka	Edkins	bedkinsdz@netvibes.com	60.125.191.107
505	Darryl	Wiskar	dwiskare0@indiatimes.com	113.207.9.56
506	Amaleta	Faldoe	afaldoee1@google.fr	224.7.126.154
507	Mylo	Starmer	mstarmere2@reddit.com	99.38.165.117
508	Bill	Nisco	bniscoe3@marketwatch.com	166.165.172.91
509	Vicki	Bullocke	vbullockee4@wikispaces.com	204.30.107.29
510	Lorelle	Rizzi	lrizzie5@cyberchimps.com	114.64.9.79
511	Norby	Hadleigh	nhadleighe6@sbwire.com	218.10.137.46
512	Abrahan	Launchbury	alaunchburye7@marketwatch.com	209.154.245.128
513	Herta	Murdoch	hmurdoche8@de.vu	186.63.80.139
514	Jethro	Dimberline	jdimberlinee9@stanford.edu	56.61.126.213
515	Chandra	McJarrow	cmcjarrowea@hhs.gov	239.50.32.23
516	Stanislas	Hedde	sheddeeb@washingtonpost.com	26.124.117.218
517	Sargent	Bellefant	sbellefantec@t-online.de	228.219.181.77
518	Ursola	Marusyak	umarusyaked@google.it	224.126.51.125
519	Delilah	Castelot	dcastelotee@hugedomains.com	255.208.60.168
520	Cherry	Harfoot	charfootef@paypal.com	86.21.104.40
521	Dyan	Paiton	dpaitoneg@skype.com	255.170.255.106
522	Ginger	Goldston	ggoldstoneh@shutterfly.com	233.220.83.182
523	Monro	Olivas	molivasei@goodreads.com	58.254.84.230
524	Etheline	Boddie	eboddieej@indiatimes.com	161.218.247.121
525	Laurette	Rickcord	lrickcordek@umn.edu	186.27.209.83
526	Augy	Tonge	atongeel@answers.com	39.218.138.106
527	Kylila	Willes	kwillesem@fc2.com	159.115.55.133
528	Jennine	Congram	jcongramen@springer.com	119.147.206.227
529	Morgan	Elies	melieseo@stumbleupon.com	192.196.178.80
530	Brew	Archdeckne	barchdeckneep@rakuten.co.jp	211.8.179.248
531	Clair	Aleksidze	caleksidzeeq@pagesperso-orange.fr	107.207.68.24
532	Farris	Hazelgreave	fhazelgreaveer@vkontakte.ru	204.174.173.51
533	Oswald	Spurett	ospurettes@storify.com	104.147.200.217
534	Mycah	Boorer	mbooreret@yandex.ru	249.253.63.235
535	Anissa	Greatrex	agreatrexeu@cbslocal.com	162.122.150.13
536	Andonis	Bownes	abownesev@sohu.com	166.159.163.17
537	Dasi	Collens	dcollensew@feedburner.com	208.38.44.105
538	Marie-ann	Giorgeschi	mgiorgeschiex@booking.com	92.121.169.174
539	Trevor	Hawkeridge	thawkeridgeey@surveymonkey.com	11.162.116.239
540	Ilse	Schober	ischoberez@csmonitor.com	238.195.103.172
541	Jo	Speenden	jspeendenf0@cpanel.net	46.110.157.27
542	Heddi	Noell	hnoellf1@dmoz.org	191.53.137.87
543	Elena	Puddin	epuddinf2@reddit.com	203.104.205.54
544	Horatius	Zapater	hzapaterf3@ifeng.com	38.34.124.248
545	Thom	Passo	tpassof4@uol.com.br	17.195.151.90
546	Zoe	Flanagan	zflanaganf5@time.com	126.130.18.227
547	Roth	Rudolph	rrudolphf6@toplist.cz	107.177.17.239
548	Lonni	De Hailes	ldehailesf7@wikimedia.org	201.232.51.59
549	Bentlee	O'Riordan	boriordanf8@tumblr.com	147.216.169.213
550	Shelba	Bevar	sbevarf9@webs.com	27.69.61.156
551	Lynnea	Giannazzo	lgiannazzofa@nationalgeographic.com	170.88.86.254
552	James	Canedo	jcanedofb@delicious.com	192.101.70.57
553	Keri	Toby	ktobyfc@ucla.edu	212.139.242.207
554	Florrie	Earie	feariefd@liveinternet.ru	157.231.168.34
555	Gerladina	Sissot	gsissotfe@dailymotion.com	100.154.160.192
556	Arnie	Pulhoster	apulhosterff@yale.edu	228.20.6.75
557	Demetra	Estcot	destcotfg@aboutads.info	178.80.185.17
558	Kat	Picard	kpicardfh@theatlantic.com	169.67.48.40
559	Sigismond	Godby	sgodbyfi@gizmodo.com	224.223.201.53
560	Penrod	Simonian	psimonianfj@altervista.org	159.198.93.239
561	Beitris	Ishak	bishakfk@amazon.co.uk	187.121.24.5
562	Marcella	Gullan	mgullanfl@chronoengine.com	31.191.147.4
563	Agosto	McGiff	amcgifffm@unblog.fr	228.117.36.243
564	Heddie	Mughal	hmughalfn@typepad.com	230.227.240.70
565	Janka	Chaplin	jchaplinfo@npr.org	248.255.0.74
566	Kit	Phetteplace	kphetteplacefp@google.com.br	173.254.114.215
567	Caprice	Tregunna	ctregunnafq@admin.ch	195.94.20.175
568	Alphonso	Burtwistle	aburtwistlefr@acquirethisname.com	32.173.12.166
569	Enos	Styan	estyanfs@nature.com	48.144.43.102
570	Zacherie	Ezzle	zezzleft@ocn.ne.jp	229.191.150.229
571	Caritta	Semark	csemarkfu@alexa.com	233.81.227.41
572	Eugenio	Behne	ebehnefv@army.mil	30.170.60.152
573	Petronia	Probey	pprobeyfw@drupal.org	118.169.39.179
574	Georgie	Riddett	griddettfx@rediff.com	131.176.211.136
575	Reube	Gutridge	rgutridgefy@cdbaby.com	104.250.118.159
576	Britt	Hanington	bhaningtonfz@infoseek.co.jp	224.196.62.229
577	Hatty	Maunsell	hmaunsellg0@opera.com	138.205.153.52
578	Cecil	Schonfeld	cschonfeldg1@hud.gov	206.230.75.100
579	Tiffany	Cisco	tciscog2@mapy.cz	205.29.98.225
580	Libby	Freear	lfreearg3@blogtalkradio.com	72.11.183.169
581	Laraine	Dibley	ldibleyg4@illinois.edu	220.61.248.25
582	Essa	McCroary	emccroaryg5@dedecms.com	4.42.84.1
583	Tildy	Trulocke	ttrulockeg6@nymag.com	126.172.215.253
584	Kareem	Mundle	kmundleg7@princeton.edu	149.122.183.223
585	Bianca	Aggs	baggsg8@bbc.co.uk	7.49.242.164
586	Cassey	Peat	cpeatg9@paginegialle.it	120.108.75.162
587	Gwennie	MacDowall	gmacdowallga@berkeley.edu	0.39.232.98
588	Orly	Murphey	omurpheygb@wired.com	218.220.207.88
589	Tiphani	Grollmann	tgrollmanngc@google.fr	250.73.46.208
590	Shepherd	Haslewood	shaslewoodgd@wikipedia.org	95.101.137.234
591	Conney	Montes	cmontesge@xing.com	242.70.97.123
592	Vladimir	Kreutzer	vkreutzergf@geocities.jp	10.83.92.116
593	Sloane	Maple	smaplegg@sakura.ne.jp	71.68.22.97
594	Roberta	Moggle	rmogglegh@rambler.ru	52.89.125.114
595	Ransell	Costellow	rcostellowgi@ovh.net	139.159.17.91
596	Randall	Deegin	rdeegingj@simplemachines.org	169.76.118.237
597	Trevor	MacCrann	tmaccranngk@ted.com	71.145.44.98
598	Wynne	Glasby	wglasbygl@parallels.com	113.199.208.117
599	Casey	Nelius	cneliusgm@comcast.net	191.137.80.69
600	Velma	Klemz	vklemzgn@msn.com	68.208.194.183
601	Jade	Lampard	jlampardgo@blinklist.com	39.117.246.144
602	Rosaleen	Arlidge	rarlidgegp@newyorker.com	139.92.107.175
603	Alana	Waud	awaudgq@purevolume.com	121.239.101.190
604	Rouvin	Hinkley	rhinkleygr@nba.com	204.139.230.47
605	Nigel	Marten	nmartengs@vinaora.com	121.234.213.164
606	Augustine	Darley	adarleygt@jigsy.com	240.150.151.61
607	Audie	Darbyshire	adarbyshiregu@earthlink.net	92.253.158.90
608	Lillis	Carik	lcarikgv@engadget.com	42.215.246.46
609	Tish	Mayou	tmayougw@youtu.be	106.107.225.219
610	Trace	Ivashev	tivashevgx@google.pl	250.75.105.235
611	Clemence	Kelsell	ckelsellgy@pcworld.com	153.154.91.0
612	Antone	Trasler	atraslergz@umn.edu	254.34.16.150
613	Kalindi	Filkin	kfilkinh0@vimeo.com	184.6.219.74
614	Abby	Jeannin	ajeanninh1@nps.gov	143.124.74.123
615	Marve	Carden	mcardenh2@buzzfeed.com	178.172.175.44
616	Deina	Bortoli	dbortolih3@nymag.com	146.236.235.24
617	Ania	Sides	asidesh4@cdc.gov	18.157.98.167
618	Nichole	Hughson	nhughsonh5@trellian.com	209.249.61.107
619	Shane	Piatek	spiatekh6@bravesites.com	3.111.61.18
620	Allie	Glackin	aglackinh7@nytimes.com	111.116.242.133
621	Graig	Kemmons	gkemmonsh8@nba.com	58.77.7.79
622	Norbert	Dufer	nduferh9@nature.com	221.154.97.207
623	Lennard	Adanet	ladanetha@europa.eu	184.139.93.59
624	Verile	MacAughtrie	vmacaughtriehb@nhs.uk	17.59.146.157
625	Esma	Alker	ealkerhc@ft.com	240.28.213.50
626	Sutton	Wolfenden	swolfendenhd@abc.net.au	231.217.90.148
627	Elana	Algore	ealgorehe@businesswire.com	50.21.227.240
628	Nanon	Caltera	ncalterahf@chronoengine.com	230.223.251.86
629	Daffy	Carville	dcarvillehg@e-recht24.de	91.179.253.227
630	Avie	Jevon	ajevonhh@angelfire.com	154.22.20.112
631	Shaun	Skillitt	sskillitthi@mediafire.com	99.230.116.240
632	Colas	Cawker	ccawkerhj@reuters.com	91.178.231.67
633	Natala	Boshier	nboshierhk@mapquest.com	226.50.232.173
634	Alyssa	Dewar	adewarhl@google.com	145.102.157.160
635	Jeffry	Shrieves	jshrieveshm@51.la	187.18.236.93
636	Shelli	Buyers	sbuyershn@earthlink.net	191.97.89.176
637	Yetty	Hunnybun	yhunnybunho@godaddy.com	185.17.209.103
638	Homerus	Beinisch	hbeinischhp@hexun.com	0.90.56.169
639	Meaghan	Snoddin	msnoddinhq@instagram.com	248.164.19.124
640	Melony	Englishby	menglishbyhr@ovh.net	119.227.188.145
641	Drusilla	Bogue	dboguehs@typepad.com	24.93.218.57
642	Bobette	Pranger	bprangerht@php.net	189.181.29.163
643	Nicolle	Rubinivitz	nrubinivitzhu@last.fm	137.236.148.242
644	Fernandina	McMorland	fmcmorlandhv@creativecommons.org	132.246.189.86
645	Manya	Linkin	mlinkinhw@typepad.com	34.92.66.55
646	Ruthie	Costen	rcostenhx@utexas.edu	36.123.60.71
647	Merridie	Mathivat	mmathivathy@themeforest.net	69.81.174.85
648	Sonnnie	Galletley	sgalletleyhz@woothemes.com	231.12.72.133
649	Rog	Backhouse	rbackhousei0@symantec.com	237.107.224.181
650	Paulette	Bracci	pbraccii1@discuz.net	23.24.207.179
651	Dulcea	Baskeyfield	dbaskeyfieldi2@typepad.com	89.107.122.37
652	Meridel	Blakeney	mblakeneyi3@sakura.ne.jp	16.201.235.5
653	Aluino	Slaymaker	aslaymakeri4@irs.gov	247.1.6.195
654	Adolph	McCurdy	amccurdyi5@sbwire.com	56.88.134.238
655	Lorrin	Misson	lmissoni6@chron.com	98.245.182.127
656	Latisha	Conboy	lconboyi7@tripod.com	230.189.26.245
657	Stern	Luscott	sluscotti8@dot.gov	86.71.189.110
658	Riva	Newtown	rnewtowni9@wunderground.com	184.122.3.182
659	Emmet	Gorvette	egorvetteia@opensource.org	143.83.73.165
660	Nikolai	Sterley	nsterleyib@mediafire.com	35.123.66.16
661	Sully	Ladley	sladleyic@about.me	145.84.167.184
662	Hermann	Goymer	hgoymerid@tinypic.com	157.70.0.229
663	Eal	Stuchbery	estuchberyie@chronoengine.com	174.9.240.234
664	Daisie	Boards	dboardsif@theglobeandmail.com	176.155.237.204
665	Mignon	Gammage	mgammageig@google.co.jp	104.186.78.149
666	Heinrick	Burkwood	hburkwoodih@homestead.com	170.141.241.128
667	Greggory	Ord	gordii@i2i.jp	5.71.136.70
668	Lusa	Astman	lastmanij@example.com	61.219.33.192
669	Auguste	Mote	amoteik@reuters.com	76.114.203.162
670	Albertine	Mackieson	amackiesonil@themeforest.net	41.118.151.242
671	Suzanna	Bourgeois	sbourgeoisim@harvard.edu	176.185.61.71
672	Dorine	Casel	dcaselin@myspace.com	239.179.94.184
673	Belvia	Stoeckle	bstoeckleio@usa.gov	250.210.94.233
674	Jaquelin	Figge	jfiggeip@netvibes.com	139.34.222.78
675	Baxie	Berrow	bberrowiq@feedburner.com	236.124.49.50
676	Letty	Minter	lminterir@flickr.com	211.176.110.92
677	Stavros	Rieger	sriegeris@nba.com	119.200.251.166
678	Margette	Cheshire	mcheshireit@mediafire.com	81.37.94.243
679	Lorianne	Basindale	lbasindaleiu@amazon.com	98.228.177.65
680	Johannah	Aubri	jaubriiv@bloomberg.com	238.152.236.140
681	Lemar	Torrijos	ltorrijosiw@sbwire.com	25.6.28.196
682	Gerhardine	Roz	grozix@umich.edu	67.179.198.143
683	Kaleb	Hebborne	khebborneiy@yellowbook.com	158.52.132.247
684	Sunny	Gell	sgelliz@4shared.com	250.65.54.98
685	Skipp	O' Connell	soconnellj0@weibo.com	164.45.207.148
686	Janine	Coldbath	jcoldbathj1@canalblog.com	113.149.105.176
687	Romola	Bachnic	rbachnicj2@pen.io	139.108.222.137
688	Phillip	Booton	pbootonj3@weibo.com	254.136.14.81
689	Rodrick	Terne	rternej4@theatlantic.com	183.170.255.23
690	Gianina	Kneller	gknellerj5@i2i.jp	0.83.238.112
691	Lizabeth	Starbuck	lstarbuckj6@eventbrite.com	213.34.110.18
692	Lane	Lemerle	llemerlej7@csmonitor.com	82.84.74.151
693	Caryl	Hurford	churfordj8@g.co	132.71.41.1
694	Winfred	Ferriere	wferrierej9@google.com.au	250.129.62.213
695	Gal	Merrington	gmerringtonja@mashable.com	253.107.143.16
696	Kevon	Gallatly	kgallatlyjb@ed.gov	193.44.200.175
697	Hulda	O'Nion	honionjc@blogger.com	84.15.44.23
698	Syd	Swaile	sswailejd@ehow.com	23.252.186.9
699	Nanni	Leonarde	nleonardeje@tripadvisor.com	151.199.199.0
700	Janenna	Porter	jporterjf@zimbio.com	77.157.126.240
701	Elena	Huscroft	ehuscroftjg@businessweek.com	223.10.56.140
702	Thedric	Wolfers	twolfersjh@columbia.edu	147.9.191.233
703	Paolo	Harm	pharmji@domainmarket.com	190.208.251.249
704	Daron	McKeand	dmckeandjj@slideshare.net	106.80.90.202
705	Randee	Murrigan	rmurriganjk@theguardian.com	116.213.228.140
706	Ingrim	McNess	imcnessjl@ovh.net	217.159.186.205
707	April	Lauret	alauretjm@google.com.hk	34.72.128.175
708	Rori	Bebb	rbebbjn@theglobeandmail.com	233.37.118.246
709	Noellyn	Neiland	nneilandjo@nasa.gov	165.4.140.235
710	Zondra	Palombi	zpalombijp@freewebs.com	224.164.76.58
711	Vanna	Steer	vsteerjq@amazon.co.uk	222.70.248.76
712	Cody	Patifield	cpatifieldjr@1und1.de	85.24.92.123
713	Trudey	Poyner	tpoynerjs@sciencedaily.com	92.208.109.14
714	Cully	Lagneaux	clagneauxjt@nifty.com	99.207.155.159
715	Jolie	Strickler	jstricklerju@eepurl.com	105.170.192.52
716	Avery	Collyns	acollynsjv@utexas.edu	87.70.25.138
717	Darrick	Brunnstein	dbrunnsteinjw@xrea.com	47.243.118.109
718	Vania	Conyer	vconyerjx@rediff.com	93.144.50.147
719	Lennie	Pigot	lpigotjy@lycos.com	229.252.81.50
720	Fleur	Giggie	fgiggiejz@oracle.com	133.243.39.31
721	Patricia	Wasselin	pwasselink0@uol.com.br	217.202.11.60
722	Robbi	Gethen	rgethenk1@scientificamerican.com	201.234.99.221
723	Thedrick	Seeger	tseegerk2@netvibes.com	137.170.214.247
724	Farlee	Gammet	fgammetk3@addthis.com	216.40.168.195
725	Kitti	St. Hill	ksthillk4@instagram.com	20.187.147.126
726	Cory	Kenworth	ckenworthk5@washington.edu	85.224.140.120
727	Nicholle	Rivett	nrivettk6@i2i.jp	140.156.154.155
728	Hetti	McKenzie	hmckenziek7@about.com	116.191.10.221
729	Cornall	Cubin	ccubink8@va.gov	4.72.16.32
730	Annnora	Ferrao	aferraok9@google.cn	47.246.203.122
731	Cozmo	Phuprate	cphuprateka@hhs.gov	8.243.177.198
732	Cammy	Stair	cstairkb@wix.com	154.196.166.29
733	Leila	Chesworth	lchesworthkc@wufoo.com	9.60.211.255
734	Mattheus	Haruard	mharuardkd@moonfruit.com	135.151.252.240
735	Deanne	Shillabear	dshillabearke@netlog.com	226.135.31.185
736	Marjory	Heatlie	mheatliekf@tiny.cc	69.227.230.29
737	Harvey	Nordass	hnordasskg@tinypic.com	22.36.253.6
738	Timmy	Ilsley	tilsleykh@bigcartel.com	229.90.187.251
739	Thaxter	MacArthur	tmacarthurki@ed.gov	53.148.215.31
740	Allen	Overil	aoverilkj@utexas.edu	112.71.48.24
741	Jany	Bawcock	jbawcockkk@google.com.au	245.143.171.224
742	Ariel	Yorkston	ayorkstonkl@mozilla.com	70.190.211.38
743	Norbie	Pevie	npeviekm@blinklist.com	107.16.145.22
744	Annmaria	Brownlea	abrownleakn@hatena.ne.jp	182.160.105.82
745	Ola	Freeberne	ofreeberneko@smugmug.com	226.7.58.150
746	Allyce	Meins	ameinskp@illinois.edu	145.136.148.195
747	Erin	Mark	emarkkq@is.gd	85.171.10.220
748	Nadine	Franklen	nfranklenkr@ucsd.edu	162.215.222.182
749	Eldon	Josephson	ejosephsonks@nifty.com	213.192.226.254
750	Harriet	Uzielli	huziellikt@cisco.com	205.155.163.148
751	Lavena	Hankins	lhankinsku@jigsy.com	9.64.49.84
752	Saul	Skedge	sskedgekv@godaddy.com	141.25.83.180
753	Jacques	Heskey	jheskeykw@moonfruit.com	114.80.1.255
754	Betteanne	Jeste	bjestekx@europa.eu	122.154.21.117
755	Nollie	Kenset	nkensetky@tuttocitta.it	254.225.74.108
756	Windy	Joel	wjoelkz@etsy.com	181.115.142.21
757	Maribel	Guinness	mguinnessl0@fda.gov	107.244.233.165
758	Kit	Cordel	kcordell1@fastcompany.com	154.52.173.36
759	Linzy	Tour	ltourl2@joomla.org	180.245.210.216
760	Alexio	Featherstone	afeatherstonel3@virginia.edu	40.141.120.24
761	Saunder	Braga	sbragal4@indiatimes.com	167.198.82.188
762	Magdalen	Brobyn	mbrobynl5@hatena.ne.jp	29.149.87.57
763	Gifford	Chapell	gchapelll6@myspace.com	146.141.69.21
764	Marla	Myrie	mmyriel7@wsj.com	157.27.43.42
765	Channa	Oxshott	coxshottl8@nydailynews.com	127.153.124.232
766	Gibby	Kitchenham	gkitchenhaml9@twitter.com	177.116.111.100
767	Granger	Laurie	glauriela@cloudflare.com	50.249.242.142
768	Brynne	Frederick	bfredericklb@walmart.com	131.30.172.136
769	Baird	Belf	bbelflc@ustream.tv	252.163.113.121
770	Randie	Alexsandrov	ralexsandrovld@google.com	46.142.20.240
771	Joceline	Doelle	jdoellele@google.com	154.141.143.63
772	Welch	Lumsdall	wlumsdalllf@gov.uk	252.161.237.10
773	Matthias	Mateescu	mmateesculg@boston.com	63.85.151.40
774	Ewan	Thouless	ethoulesslh@sohu.com	78.209.191.54
775	Lanny	Jordin	ljordinli@scientificamerican.com	179.62.140.19
776	Gordon	Rimbault	grimbaultlj@answers.com	148.242.222.152
777	Dinah	Tompkin	dtompkinlk@ed.gov	35.48.57.0
778	Dannie	Eagles	deaglesll@cdc.gov	141.97.23.30
779	Lynnette	Pennone	lpennonelm@ox.ac.uk	24.132.235.168
780	Doy	Ferney	dferneyln@fotki.com	200.186.11.244
781	Everard	Droghan	edroghanlo@timesonline.co.uk	252.5.140.177
782	Gusella	Crewther	gcrewtherlp@geocities.com	64.93.139.195
783	Janey	Kennsley	jkennsleylq@webs.com	65.171.176.7
784	Alikee	Clappson	aclappsonlr@about.me	56.48.194.213
785	Blake	Kemball	bkemballls@usda.gov	49.78.81.77
786	Sarajane	St Ledger	sstledgerlt@nytimes.com	101.52.48.123
787	Joell	Godsil	jgodsillu@wikipedia.org	243.59.48.26
788	Cordula	Godney	cgodneylv@domainmarket.com	70.30.166.16
789	Jozef	Blaxlande	jblaxlandelw@princeton.edu	8.216.231.223
790	Sybyl	Glasheen	sglasheenlx@w3.org	51.160.178.68
791	Cly	Matteris	cmatterisly@github.com	213.186.76.137
792	Meara	Revel	mrevellz@blogtalkradio.com	123.118.75.44
793	Claudio	Delepine	cdelepinem0@plala.or.jp	164.87.230.163
794	Derron	Anyon	danyonm1@biglobe.ne.jp	202.237.241.17
795	Linell	Wildes	lwildesm2@accuweather.com	43.55.71.141
796	Grissel	Lapley	glapleym3@canalblog.com	109.232.30.61
797	Anders	Carmo	acarmom4@mit.edu	21.202.255.12
798	Marcella	Bellison	mbellisonm5@vkontakte.ru	201.222.167.79
799	Colline	Krzysztofiak	ckrzysztofiakm6@archive.org	115.186.250.155
800	Garek	Grinyer	ggrinyerm7@tiny.cc	186.80.238.47
801	Lowell	Bramstom	lbramstomm8@flavors.me	193.214.37.37
802	Bell	Ambler	bamblerm9@ox.ac.uk	33.222.73.203
803	Rriocard	Yakovliv	ryakovlivma@odnoklassniki.ru	230.58.247.190
804	Caryl	Petrollo	cpetrollomb@usda.gov	77.252.40.196
805	Marv	Creeboe	mcreeboemc@vimeo.com	65.26.133.111
806	Darin	Jordon	djordonmd@ebay.co.uk	241.190.101.158
807	Ralf	Sproston	rsprostonme@accuweather.com	239.171.204.47
808	Tod	Capineer	tcapineermf@ted.com	21.150.7.150
809	Noella	Osbidston	nosbidstonmg@canalblog.com	160.248.109.89
810	Gherardo	Berthelet	gbertheletmh@mashable.com	79.53.171.140
811	Consuelo	Conaboy	cconaboymi@zdnet.com	83.232.19.66
812	Kerby	Dymocke	kdymockemj@51.la	152.79.161.209
813	Lonna	Blackett	lblackettmk@amazon.co.jp	201.123.136.143
814	Wolfy	Boothroyd	wboothroydml@state.gov	26.148.22.50
815	Virgina	Hassin	vhassinmm@wikispaces.com	238.186.19.80
816	Tabbie	Gregersen	tgregersenmn@slashdot.org	117.55.21.237
817	Kelli	Saltmarshe	ksaltmarshemo@china.com.cn	118.117.251.126
818	Zorah	Knoble	zknoblemp@smugmug.com	247.51.77.107
819	Dulcinea	Mc Giffin	dmcgiffinmq@disqus.com	70.24.197.104
820	Rozella	Kirman	rkirmanmr@uol.com.br	107.4.207.81
821	Shaylyn	Keld	skeldms@hibu.com	3.73.81.59
822	Clarice	Macieja	cmaciejamt@t-online.de	220.173.188.223
823	Herta	Goudard	hgoudardmu@huffingtonpost.com	211.79.228.252
824	Courtenay	Seeger	cseegermv@usda.gov	122.156.74.81
825	Casie	Bru	cbrumw@miibeian.gov.cn	243.222.231.26
826	Robers	Josefsen	rjosefsenmx@engadget.com	28.116.187.33
827	Aldus	Bonsey	abonseymy@mapquest.com	87.101.187.106
828	Bridgette	Gudge	bgudgemz@yellowpages.com	162.64.191.215
829	Vanya	Radbourn	vradbournn0@constantcontact.com	31.8.203.44
830	Casper	Burkett	cburkettn1@parallels.com	60.250.97.21
831	Rudolf	Thirst	rthirstn2@webs.com	0.210.61.189
832	Gwendolen	Hasker	ghaskern3@desdev.cn	188.139.16.238
833	Alexine	MacCarrick	amaccarrickn4@tuttocitta.it	50.125.54.19
834	Virginie	Goodhew	vgoodhewn5@infoseek.co.jp	47.90.91.11
835	Abby	Philippon	aphilipponn6@moonfruit.com	37.122.21.102
836	Angel	Comizzoli	acomizzolin7@xinhuanet.com	86.8.95.109
837	Waneta	Allsup	wallsupn8@live.com	254.50.175.98
838	Dorry	Renshall	drenshalln9@goo.ne.jp	126.160.172.39
839	Wake	Humes	whumesna@moonfruit.com	13.4.213.174
840	Cassandra	Shakshaft	cshakshaftnb@cafepress.com	168.173.131.195
841	Mignon	Redfearn	mredfearnnc@instagram.com	13.166.113.164
842	Emmalynn	Falloon	efalloonnd@cdbaby.com	146.177.50.129
843	Jessa	Shuker	jshukerne@independent.co.uk	115.67.37.141
844	Cindie	Steen	csteennf@bluehost.com	90.82.58.204
845	Roseann	Fellona	rfellonang@dedecms.com	254.187.235.97
846	Pearle	Miguet	pmiguetnh@wunderground.com	200.1.125.141
847	Rivy	Ondracek	rondracekni@ftc.gov	97.5.138.80
848	Eveline	Clover	eclovernj@parallels.com	83.105.79.10
849	Thalia	Bradick	tbradicknk@shop-pro.jp	18.139.192.24
850	Sisely	Fidal	sfidalnl@time.com	57.206.212.129
851	Dorothea	Sobtka	dsobtkanm@loc.gov	128.129.158.120
852	Birk	Foss	bfossnn@reuters.com	37.79.67.12
853	Sam	Gatrell	sgatrellno@indiegogo.com	220.199.75.62
854	Virgie	McGerraghty	vmcgerraghtynp@unc.edu	30.166.60.134
855	Tiphany	Weiner	tweinernq@desdev.cn	239.127.117.127
856	Marrissa	Gurney	mgurneynr@flavors.me	237.179.14.56
857	Danit	McGrill	dmcgrillns@drupal.org	218.53.136.210
858	Laurette	Stanlack	lstanlacknt@wikipedia.org	203.122.178.76
859	Dory	Bassam	dbassamnu@netvibes.com	71.161.173.188
860	Koressa	Dewsbury	kdewsburynv@bing.com	27.204.31.184
861	Jeramey	Corker	jcorkernw@about.com	52.127.186.14
862	Tawnya	Frapwell	tfrapwellnx@woothemes.com	168.68.191.249
863	Reidar	Ouldcott	rouldcottny@yahoo.com	239.112.100.198
864	Brien	Mallabon	bmallabonnz@sina.com.cn	67.54.134.44
865	Titus	Marxsen	tmarxseno0@ning.com	214.40.150.206
866	Robinson	Bertolin	rbertolino1@spotify.com	49.57.181.108
867	Marget	Lear	mlearo2@google.com.au	205.82.255.212
868	Fredek	People	fpeopleo3@e-recht24.de	90.108.134.171
869	Phillip	Coffee	pcoffeeo4@marriott.com	169.135.142.19
870	Andi	McWhirter	amcwhirtero5@imageshack.us	69.51.61.153
871	Roz	MacTrusty	rmactrustyo6@who.int	204.122.40.37
872	Valeda	Akitt	vakitto7@japanpost.jp	137.6.181.43
873	Hoebart	Aleevy	haleevyo8@hibu.com	72.28.128.243
874	Milzie	Ewbanks	mewbankso9@tuttocitta.it	89.149.130.56
875	Napoleon	Burvill	nburvilloa@whitehouse.gov	70.138.66.53
876	Alexei	Allcoat	aallcoatob@youtu.be	173.160.213.171
877	Manfred	Wickey	mwickeyoc@guardian.co.uk	36.153.253.206
878	Fawnia	Mandres	fmandresod@wix.com	21.213.252.149
879	Alyosha	Boecke	aboeckeoe@discuz.net	236.220.143.144
880	Kris	Dufton	kduftonof@shinystat.com	146.37.103.209
881	Sianna	Jimenez	sjimenezog@wix.com	90.110.175.237
882	Eduino	Stoeckle	estoeckleoh@fastcompany.com	26.176.76.79
883	Cchaddie	Blenkensop	cblenkensopoi@washingtonpost.com	59.253.13.51
884	Ben	Stansby	bstansbyoj@buzzfeed.com	166.189.99.155
885	Arlen	Ruprich	aruprichok@salon.com	205.169.12.230
886	Farleigh	Straniero	fstranierool@unc.edu	173.179.126.6
887	Zorine	Taleworth	ztaleworthom@printfriendly.com	89.2.173.46
888	Gillie	Challice	gchalliceon@360.cn	40.17.97.26
889	Vonny	Arent	varentoo@smugmug.com	144.136.45.220
890	Priscilla	Filpi	pfilpiop@yahoo.com	81.139.49.33
891	Fonz	Kopelman	fkopelmanoq@mysql.com	108.210.174.59
892	Marlo	Lukasen	mlukasenor@google.ru	65.64.171.212
893	Thekla	Seivwright	tseivwrightos@dailymotion.com	124.157.230.104
894	Lauren	Cops	lcopsot@storify.com	98.205.42.125
895	Addy	Bernakiewicz	abernakiewiczou@wordpress.com	190.70.134.117
896	Karyn	Haylands	khaylandsov@infoseek.co.jp	43.245.122.171
897	Morlee	Tatershall	mtatershallow@shareasale.com	176.18.97.48
898	Huntlee	Rudwell	hrudwellox@si.edu	9.47.241.58
899	Gabriella	Kohneke	gkohnekeoy@surveymonkey.com	200.185.35.67
900	Morna	Filipovic	mfilipovicoz@behance.net	82.211.194.249
901	Blinni	Grigorey	bgrigoreyp0@mac.com	100.166.134.113
902	Essie	Cristol	ecristolp1@rakuten.co.jp	203.151.115.15
903	Cacilie	Mallard	cmallardp2@jimdo.com	57.94.137.38
904	Janice	Stealfox	jstealfoxp3@ebay.com	122.133.249.148
905	Gabie	Colbertson	gcolbertsonp4@homestead.com	53.123.126.37
906	Tamas	Langeley	tlangeleyp5@elpais.com	60.197.71.206
907	Patty	Giddons	pgiddonsp6@usa.gov	49.225.170.49
908	Roxanna	Simmen	rsimmenp7@google.pl	0.105.86.185
909	Dorthy	Rothwell	drothwellp8@jalbum.net	28.76.241.30
910	Morissa	Wardley	mwardleyp9@gmpg.org	73.177.19.170
911	Alverta	McKeady	amckeadypa@usda.gov	248.219.117.228
912	Tobias	Vasyushkhin	tvasyushkhinpb@php.net	49.78.191.120
913	Kelly	Galbraith	kgalbraithpc@craigslist.org	69.78.213.198
914	Nataline	Pillman	npillmanpd@ox.ac.uk	7.91.177.191
915	Travus	Czaja	tczajape@answers.com	28.155.42.42
916	Morgan	Welham	mwelhampf@barnesandnoble.com	11.232.43.120
917	Abigale	Pollastrino	apollastrinopg@slashdot.org	88.229.5.123
918	Trula	Caret	tcaretph@xing.com	145.165.109.175
919	Karoly	McCoughan	kmccoughanpi@google.com.br	83.169.202.43
920	Lorettalorna	Stother	lstotherpj@multiply.com	119.66.129.218
921	Evvy	Folkard	efolkardpk@bravesites.com	16.75.207.47
922	Mozes	Perett	mperettpl@java.com	59.141.206.122
923	Whitby	Milborn	wmilbornpm@multiply.com	181.233.195.48
924	Rowan	de Grey	rdegreypn@house.gov	156.163.135.132
925	Cris	Blackler	cblacklerpo@example.com	145.152.233.228
926	Willetta	Rawlins	wrawlinspp@dell.com	4.106.171.247
927	Valli	Newborn	vnewbornpq@smugmug.com	39.135.25.65
928	Andi	Gatus	agatuspr@who.int	159.77.61.69
929	Alys	Toft	atoftps@hp.com	188.181.73.16
930	Lucienne	Schulken	lschulkenpt@123-reg.co.uk	189.91.205.1
931	Kylen	Connar	kconnarpu@list-manage.com	131.212.99.117
932	Ninnette	Creagh	ncreaghpv@amazon.co.jp	26.186.31.32
933	Modesty	Cankett	mcankettpw@sina.com.cn	129.225.130.250
934	Roselle	Breeder	rbreederpx@1und1.de	156.48.129.115
935	Margareta	Stonebridge	mstonebridgepy@wiley.com	156.18.250.70
936	Venita	Butland	vbutlandpz@redcross.org	176.3.150.213
937	Dian	Jurczik	djurczikq0@flavors.me	56.0.239.121
938	Darla	McClurg	dmcclurgq1@patch.com	183.42.97.106
939	Brynne	Noone	bnooneq2@wikispaces.com	87.113.69.241
940	Caroljean	Higbin	chigbinq3@boston.com	156.252.109.108
941	Sydel	Dallicoat	sdallicoatq4@stumbleupon.com	150.38.53.99
942	Chad	Tracy	ctracyq5@comcast.net	138.101.253.100
943	Riccardo	Baggallay	rbaggallayq6@jimdo.com	38.212.248.41
944	Jory	Screase	jscreaseq7@usgs.gov	66.64.66.88
945	Parry	Dibsdale	pdibsdaleq8@sfgate.com	236.254.77.188
946	Caitrin	Clardge	cclardgeq9@blogspot.com	185.247.72.237
947	Beaufort	Studart	bstudartqa@jugem.jp	96.149.125.132
948	Zed	Langthorne	zlangthorneqb@tuttocitta.it	102.18.190.149
949	Rowland	Pinwell	rpinwellqc@businesswire.com	121.238.9.18
950	Sollie	Angless	sanglessqd@bloomberg.com	231.109.87.157
951	El	Rennicks	erennicksqe@bbc.co.uk	111.195.31.19
952	Andreas	Barks	abarksqf@feedburner.com	254.191.160.12
953	Blinny	Barlthrop	bbarlthropqg@home.pl	57.164.160.143
954	Rudolf	Comazzo	rcomazzoqh@1688.com	170.84.222.148
955	Adham	Knoble	aknobleqi@cornell.edu	224.241.212.43
956	Gusty	Kemwall	gkemwallqj@cloudflare.com	38.8.20.110
957	Maggy	Fraser	mfraserqk@devhub.com	102.229.252.231
958	Johanna	Bortolazzi	jbortolazziql@earthlink.net	154.16.32.107
959	Mickie	Moncreiff	mmoncreiffqm@pbs.org	148.150.65.73
960	Aubrie	Trawin	atrawinqn@dropbox.com	146.247.47.51
961	Kimberlee	Rutledge	krutledgeqo@blog.com	226.196.168.9
962	Shirlene	Catherick	scatherickqp@cmu.edu	221.148.198.202
963	Tam	Trowsdale	ttrowsdaleqq@blinklist.com	76.7.196.148
964	Georgia	Comerford	gcomerfordqr@ebay.com	239.236.242.234
965	Towney	Sollitt	tsollittqs@issuu.com	9.9.57.124
966	Addy	Nouch	anouchqt@columbia.edu	165.5.90.186
967	Moira	Rue	mruequ@odnoklassniki.ru	163.35.16.236
968	Eunice	Leaton	eleatonqv@bravesites.com	112.206.33.80
969	Sullivan	Terney	sterneyqw@nba.com	228.125.9.249
970	Cyril	Staniforth	cstaniforthqx@gnu.org	63.61.14.226
971	Frannie	Simoncello	fsimoncelloqy@toplist.cz	33.37.241.171
972	Charlie	Ragg	craggqz@marketwatch.com	81.159.117.158
973	Philbert	Lillyman	plillymanr0@tinypic.com	245.219.248.64
974	Hermon	Hedon	hhedonr1@jalbum.net	191.123.112.95
975	Kiley	Silveston	ksilvestonr2@pen.io	107.149.110.251
976	Rab	Dubery	rduberyr3@amazon.co.uk	215.31.188.65
977	Rochella	Millom	rmillomr4@themeforest.net	57.182.13.5
978	Zackariah	Guterson	zgutersonr5@macromedia.com	183.238.101.125
979	Nelli	Malkinson	nmalkinsonr6@sogou.com	58.131.55.115
980	Ely	Wind	ewindr7@so-net.ne.jp	13.20.36.100
981	Elene	McClay	emcclayr8@vistaprint.com	174.207.51.196
982	Maggie	Lovick	mlovickr9@answers.com	58.236.115.115
983	Jermayne	Royal	jroyalra@yelp.com	176.218.99.203
984	Isidor	Duggen	iduggenrb@chicagotribune.com	155.165.103.183
985	Merlina	Mark	mmarkrc@salon.com	219.142.34.19
986	Aura	Stark	astarkrd@topsy.com	104.110.27.168
987	Sherye	Caustic	scausticre@blogtalkradio.com	75.5.167.189
988	Brigg	Dewdney	bdewdneyrf@timesonline.co.uk	26.184.228.116
989	Wally	Penswick	wpenswickrg@live.com	42.69.67.232
990	Leticia	Hackly	lhacklyrh@tmall.com	192.38.79.27
991	Ralina	Southby	rsouthbyri@histats.com	50.181.160.56
992	Egbert	Jahncke	ejahnckerj@auda.org.au	230.145.165.63
993	Laurene	Gercke	lgerckerk@sciencedaily.com	144.226.164.137
994	Raddy	Simpkins	rsimpkinsrl@imageshack.us	46.17.90.196
995	Eleanora	Crabtree	ecrabtreerm@prnewswire.com	102.2.10.226
996	Joseito	Minget	jmingetrn@people.com.cn	2.183.212.143
997	Madelin	Bynold	mbynoldro@economist.com	161.224.3.139
998	Arlen	O'Mohun	aomohunrp@fc2.com	63.242.228.174
999	Tobi	Drillingcourt	tdrillingcourtrq@answers.com	86.248.62.17
1000	Charleen	Le Gall	clegallrr@sfgate.com	181.49.174.117
